{"accuracy": [0.2688274681568146, 0.4979742467403412, 0.5978312492370605, 0.6686129570007324, 0.7200905680656433, 0.7570304870605469, 0.7994518876075745, 0.833412766456604, 0.8580791354179382, 0.8792898058891296, 0.8969256281852722, 0.9071735143661499, 0.9143231511116028, 0.9464966654777527, 0.9470924735069275, 0.952216386795044, 0.9600810408592224, 0.9646091461181641, 0.964251697063446, 0.9688989520072937, 0.9727120995521545, 0.9748570322990417, 0.974380373954773, 0.9730696082115173, 0.9831982851028442], "loss": [1.9999669790267944, 1.4192618131637573, 1.149321436882019, 0.9510587453842163, 0.819277286529541, 0.6959537267684937, 0.5814124941825867, 0.49784237146377563, 0.41174498200416565, 0.3558706045150757, 0.29844772815704346, 0.2813856601715088, 0.2496802806854248, 0.1619701236486435, 0.16581971943378448, 0.1468830555677414, 0.12302082031965256, 0.11536890268325806, 0.10703927278518677, 0.09419972449541092, 0.07369979470968246, 0.07530265301465988, 0.07647614926099777, 0.0861237645149231, 0.056050971150398254], "val_accuracy": [0.4394661486148834, 0.5891324877738953, 0.6611058115959167, 0.6711153388023376, 0.7459484934806824, 0.75309818983078, 0.7993326783180237, 0.8231649398803711, 0.8155385851860046, 0.8465204834938049, 0.8746424913406372, 0.7921830415725708, 0.8755958080291748, 0.8736892342567444, 0.900381326675415, 0.913250744342804, 0.900381326675415, 0.9208770394325256, 0.9046711325645447, 0.9337463974952698, 0.9037178158760071, 0.897521436214447, 0.900381326675415, 0.9285033345222473, 0.9342230558395386], "val_loss": [1.5918248891830444, 1.2237399816513062, 1.0137547254562378, 0.9696263074874878, 0.7930676341056824, 0.7175331711769104, 0.5889073014259338, 0.5715054273605347, 0.5461989641189575, 0.4657495617866516, 0.4024013876914978, 0.6705727577209473, 0.4096965193748474, 0.459637850522995, 0.31249821186065674, 0.2932945191860199, 0.3694860637187958, 0.278273344039917, 0.33820050954818726, 0.23355309665203094, 0.37055879831314087, 0.3807900547981262, 0.3380780518054962, 0.24557968974113464, 0.2529127895832062]}